record_id,sentence,gold_sentiment
0,"The Ministry of Water in Tanzania has awarded Poyry a water and sanitation engineering assignment for the rehabilitation and extension of water supply and sanitation infrastructure in Bukoba and Musoma , situated at Lake Victoria in northern Tanzania .",POSITIVE
1,"Fortum expects its annual capital expenditure in the next four to five years to be within a range of EUR 0.8-1 .2 billion , as earlier announced .",NEUTRAL
2,TeliaSonera TLSN said the offer is in line with its strategy to increase its ownership in core business holdings and would strengthen Eesti Telekom 's offering to its customers .,POSITIVE
3,"Okmetic has a global customer base and sales network , production plants in Finland and the US and contract manufacturers in Japan and China .",NEUTRAL
4,"( ADP News ) - Feb 4 , 2009 - Finnish broadband data communication systems and solutions company Teleste Oyj ( HEL : TLT1V ) said today its net profit decreased to EUR 5.5 million ( USD 7.2 m ) for 2008 from EUR 9.4 million for 200",NEGATIVE
5,Finnish Bore that is owned by the Rettig family has grown recently through the acquisition of smaller shipping companies .,POSITIVE
6,Okmetic expects its net sales for the first half of 2009 to be less than in 2008 .,NEGATIVE
7,"( ADPnews ) - May 4 , 2010 - Finnish cutlery and hand tools maker Fiskars Oyj Abp ( HEL : FISAS ) said today its net profit declined to EUR 12.9 million ( USD 17m ) in the first quarter of 2010 from EUR 17 million in the correspond",NEGATIVE
8,"---------------------------------------------------------------------- -------------- Munich , 14 January 2008 : BAVARIA Industriekapital AG closed the acquisition of Elcoteq Communications Technology GmbH in Offenburg , Germany , with the approval of the",NEUTRAL
9,"The program , which was started in the summer of 2007 , was originally estimated to last approximately two years .",NEUTRAL
10,"The Lithuanian beer market made up 14.41 million liters in January , a rise of 0.8 percent from the year-earlier figure , the Lithuanian Brewers ' Association reporting citing the results from its members .",POSITIVE
11,"The contract also includes cutting and edging wagon parts at Ruukki 's steel service centres in Seinajoki and Raahe , both in southwestern Finland , from where they will be delivered to VR for welding and assembly .",NEUTRAL
12,18:30 Dinner The conference program can also be viewed as a live audio webcast through the internet pages at www.citycon.com .,NEUTRAL
13,"In the Baltic states the company reports net sales of EUR 11.9 mn , down from EUR 14.2 mn , and an operative EBIT of EUR -2.2 mn , down from EUR -1.7 mn .",NEGATIVE
14,"`` This vessel order will help Aspo secure the long-term competitiveness of its fleet , both in terms of technology and pricing .",POSITIVE
15,The company says the measures are no longer needed .,NEUTRAL
16,Other details were not provided .,NEUTRAL
17,"The company recorded revenues of E658 .1 million during the fiscal year ended December 2007 , an increase of 23 % over 2006 .",POSITIVE
18,Talentum 's net sales in September were smaller than expected .,NEGATIVE
19,"Loss after financial items totalled EUR 9.7 mn , compared to a profit of EUR 1.3 mn in the corresponding period in 2008 .",NEGATIVE
20,Shuweihat 2 got under way in July 2008 when the project was awarded to desalination and power contractors .,NEUTRAL
21,"- Demand for fireplace products was lower than expected , especially in Germany .",NEGATIVE
22,"A Flurry Analytics spokesperson said that , as it was only measuring Windows Phone 7 data for some weeks , the firm double-checked the data to make sure the 66 per cent rise was not an aberration .",NEUTRAL
23,"Due to the rapid decrease in net sales , personnel reductions have been carried out on a wider scale than initially expected .",NEGATIVE
24,"Earnings per share for January-June 2010 were EUR0 .30 , an increase of 20 % year-on-year EUR0 .25 .",POSITIVE
25,"When cruising , the revs fall as less engine output is required .",NEUTRAL
26,"Operating loss before non-recurring items was EUR 0.9 mn , compared to a profit of EUR 11.5 mn in 2008 .",NEGATIVE
27,"At the end of March 2009 , the company 's loans amounted to EUR 10.113 mn .",NEUTRAL
28,This new partnership agreement represents a significant milestone for both parties .,POSITIVE
29,"So far Norwegian Norske Skog has reduced the staff levels by 1,000 people and plans to reduce production by 200,000 tons in 2008 , while Finnish-Swedish Stora Enso is to cut staff by 1,700 people and production by 500,000 tons .",NEGATIVE
30,The Group also has a strong global position in other fishing categories .,POSITIVE
31,Diluted earnings per share ( EPS ) declined to EUR 0.78 from EUR 1.76 .,NEGATIVE
32,"As capacity was cut with 1.4 % , the passenger load factor was down 7.8 percentage points .",NEGATIVE
33,"The six breweries recorded a 5.2 percent growth in domestic beer sales last year to 270.21 million liters , from 256.88 million liters sold in 2005 .",POSITIVE
34,Operating profit margin increased from 11.2 % to 11.7 % .,POSITIVE
35,"`` Adjustment to the fall in price level , in contrast , has been less effective .",NEGATIVE
36,EMSA Deputy Chairman of the Board Juri Lember told BNS on Wednesday that this was the first time he heard about the strike as the Swedish side had not informed the Estonian union yet .,NEGATIVE
37,"Altona stated that the private company of Altona chairman Kevin Maloney , Tulla Resources , would take up its entitlement in full .",NEUTRAL
38,The recent troubles simply make NETeller cheaper .,NEGATIVE
39,Subscription sales decreased slightly .,NEGATIVE
40,Net profit fell by almost half to +é 5.5 million from +é 9.4 million at the end of 2007 .,NEGATIVE
41,"Ahlstrom , headquartered in Helsinki , Finland , is a global leader in the development , manufacture and marketing of high performance fibre-based materials .",NEUTRAL
42,"Finnish IT consultancy Satama Interactive Oyj posted a net profit of 1.4 mln euro $ 2.0 mln for the first nine months of 2007 , compared to a net loss of 462,000 euro $ 664,000 for the same period of 2006 .",POSITIVE
43,Finnair 's total traffic decreased by 8.7 % in terms of revenue passenger kilometres .,NEGATIVE
44,"According to Kesko , the company agreed with the city administration about lease of the building in 2006 , its resettlement and construction of a five-star hotel Hilton for 120 rooms .",POSITIVE
45,Reported operating margin was a negative 5.9 % .,NEGATIVE
46,"4 February 2011 - Finnish broadband data communication systems provider Teleste Oyj HEL : TLT1V saw its net profit jump to EUR2 .1 m for the last quarter of 2010 from EUR995 ,000 for the same period of 2009 .",POSITIVE
47,"The first four of the new shop-in-shops will be opened this spring : on Madison Avenue in New York as well as in Chicago , Los Angeles and San Francisco .",NEUTRAL
48,"Founded in 1946 , Strand Associates , which provides civil , environmental , transportation , electrical and mechanical engineering services , has 350 employees at 10 offices in Wisconsin , Alabama , Illinois , Indiana , Kentucky and Ohio .",NEUTRAL
49,The company also estimates the already carried out investments to lead to an increase in its net sales for 2010 from 2009 when they reached EUR 141.7 million .,POSITIVE
50,"A purchase agreement for 7,200 tons of gasoline with delivery at the Hamina terminal , Finland , was signed with Neste Oil OYj at the average Platts index for this September plus eight US dollars per month .",POSITIVE
51,"Finnish electronics contract manufacturer Scanfil had net sales of EUR 52.2 mn in the first quarter of 2007 , down from EUR 60.1 mn a year before .",NEGATIVE
52,SCANIA Morgan Stanley lifted the share target on Swedish heavy-duty truck and bus maker Scania AB to 330 crowns ( $ 42.4 - 35.2 euro ) from 310 crowns ( $ 39.8 - 33.1 euro ) .,POSITIVE
53,"Shares of Standard Chartered ( STAN ) rose 1.2 % in the FTSE 100 , while Royal Bank of Scotland ( RBS ) shares rose 2 % and Barclays shares ( BARC ) ( BCS ) were up 1.7 % .",POSITIVE
54,The fair value of the company 's investment properties went down to EUR2 .769 bn at the end of September 2009 from EUR2 .878 bn a year earlier .,NEGATIVE
55,Finnish Bank of +àland will launch its long-term pension savings account at the beginning of June 2010 .,NEUTRAL
56,"The result will also be burdened by increased fixed costs associated with operations in China , and restructuring costs in Japan .",NEGATIVE
57,"Initial estimated total value of the contract was 250 000 Euros , excluding VAT .",NEUTRAL
58,The real estate company posted a net loss of +ó  x201a -¼ 59.3 million +ó  x201a -¼ 0.21 per share compared with a net profit of +ó  x201a -¼ 31 million +ó  x201a -¼ 0.11 per share for the corresponding quarter of 2007 .,NEGATIVE
59,"It is part of the development of the world-class magnetite deposit at Karara , which has the known potential for over 30 million metric tons of annual processing of magnetite over its estimated 30-year life .",NEUTRAL
60,"The OMX Helsinki index was 0.33 pct lower at 9,364.80 , while the OMX Helsinki CAP portfolio index was down 0.34 pct at 5,029.25 .",NEGATIVE
61,Finnish lifting equipment maker Konecranes HEL : KCR1V said on 29 July 2009 it has raised its stake in Austrian manipulator maker ACS Konecranes to 80 % and bought German sector player Knight Europe .,POSITIVE
62,Profit before taxes decreased to EUR 31.6 mn from EUR 50.0 mn the year before .,NEGATIVE
63,"A few months ago , Teva vice chairman Phillip Frost and Marathon Venture Capital Fund TASE : MARA sold Protalix shares .",NEUTRAL
64,"Rohwedder Group is an automotive supplies , telecommunications and electronics industry provider for customers in Europe , North America and Asia .",NEUTRAL
65,"The firm 's services include copying , printing , CAD-modelling , digital printing , scanning , SokoPro project bank and courier services .",NEUTRAL
66,"Equipment will be manufactured in Vaahto 's workshop in Hollola , Finland and is scheduled for shipments during the first quarter of 2009 .",NEUTRAL
67,"However , sales volumes in the food industry are expected to remain at relatively good levels in Finland and in Scandinavia , Atria said .",POSITIVE
68,Stora Chief Executive Jouko Karvinen has described the Russian tariff hikes as a threat to the future of the forest products industry in Finland .,NEGATIVE
69,"Mr Priit Kasak , Balti Metsamasina 's owner , said the Rakvere-based company wishes to increase Valmet 's market share from 27 % to a third in a couple of years .",POSITIVE
70,"Operating profit was EUR -0.1 mn , down from EUR 1.3 mn .",NEGATIVE
71,"Koff 's market share of the volume of the market was 23.4 % , Karhu 's 21.4 % .",NEUTRAL
72,"Profit before taxes decreased by 9 % to EUR 187.8 mn in the first nine months of 2008 , compared to EUR 207.1 mn a year earlier .",NEGATIVE
73,Finnish consumer packaging manufacturer Huhtamaki Oyj said it swung to a net profit of 84.1 mln euro $ 105.6 mln in the first nine months of 2006 from a net loss of 2.6 mln euro $ 3.3 mln in the same period of 2005 .,POSITIVE
74,"The device can also be used for theft protection and positioning of vehicles , boats and other assets .",NEUTRAL
75,"Finnish Exel Composites , a technology company that designs , manufactures , and markets composite profiles and tubes for various industrial applications , reports its net sales decreased by 0.6 % in the second quarter of 2010 to EUR 19.2 mn from EUR 19.3 mn in the corresponding period in 2009 .",NEGATIVE
76,The Elcoteq group recently announced that the last three months of the previous year brought to it a major loss of more than half a billion kroons ( EUR 32 mln ) for the fifth quarter running .,NEGATIVE
77,"The company generates net sales of about 600 mln euro $ 775.5 mln annually and employs 6,000 .",NEUTRAL
78,"In Finland , snow storms brought trees down on power lines , cutting off electricity for some 2,000 households .",NEGATIVE
79,"A Helsinki : ELIiV today reported EPS of EUR1 .13 for 2009 , an increase over EPS of EUR1 .12 in 2008 .",POSITIVE
80,UPM-Kymmene said its has ` not indicated any interest in any domestic consolidations ' .,NEUTRAL
81,Ruukki announced that it has signed an agreement with Aker Solutions of Norway to supply 24 suction anchors in September 2010 from its Kalajoki unit in Finland .,POSITIVE
82,"The final price will be specified by 14 May 2010 , the acquiring company said .",NEUTRAL
83,"The brokerage said 2006 has seen a ` true turning point ' in European steel base prices , with better pricing seen carrying through the second quarter of 2006 .",POSITIVE
84,The server is responsible for managing devices and user accounts and a desktop client application enables remote access to the mobile phones .,NEUTRAL
85,The arrangements do not apply to the group 's units outside Finland .,NEUTRAL
86,"Furthermore , sales of new passenger cars and light commercial vehicles in the country declined by 5.4 % year-on-year last month .",NEGATIVE
87,These module products will be available for trials during 3Q-07 and for volume deliveries during 4Q-07 .,NEUTRAL
88,The sellers were the founders of the company .,NEUTRAL
89,"EBITDA for the year 2009 improved to EUR484m , as compared with EUR472m in 2008 .",POSITIVE
90,17 March 2011 - Goldman Sachs estimates that there are negative prospects for the Norwegian mobile operations of Norway 's Telenor ASA OSL : TEL and Sweden 's TeliaSonera AB STO : TLSN in the short term .,NEGATIVE
91,"Operating loss of the Pulp & Paper Machinery unit was over EUR 3mn in September 2007 - August 2008 , compared to a profit of EUR 3.7 mn a year earlier .",NEGATIVE
92,"Operating loss totaled EUR 0.8 mn , compared to a profit of EUR 0.5 mn .",NEGATIVE
93,Otherwise the situation is under control .,NEUTRAL
94,28 October 2010 - Finnish wood products technology supplier Raute Oyj HEL : RUTAV said today it swung to a net profit of EUR3m for the first nine months of 2010 versus a net loss of EUR5 .2 m for the same period a year earlier .,POSITIVE
95,down to EUR5 .9 m H1 '09 3 August 2009 - Finnish media group Ilkka-Yhtyma Oyj ( HEL : ILK2S ) said today its net profit fell 45 % on the year to EUR5 .9 m in the first half of 2009 .,NEGATIVE
96,"The refining margin for the year was $ 13.39 - bbl , compared to $ 10.46 - bbl in the prior year .",POSITIVE
97,"The company 's operating income ( EBIT ) totalled EUR 0.0 mn , up from EUR -0.3 mn year-on-year .",POSITIVE
98,"Lemminkainen Infra Oy 's subsidiary Lemminkainen Sverige AB will perform the construction work , which is expected to start in early 2011 and to be completed in the summer of 2013 .",NEUTRAL
99,Pretax loss totalled EUR 162.3 mn compared to a profit of EUR 253.5 mn in 2007 .,NEGATIVE
100,Olvi expects sales and market share to increase in the first quarter of 2010 .,POSITIVE
101,Diluted earnings per share ( EPS ) stood at EUR 0.25 versus EUR 0.42 .,NEGATIVE
102,"Finnish shipping company Finnlines ' pretax loss totalled EUR 6.5 mn in the third quarter of 2009 , compared to a profit of EUR 0.3 mn in the third quarter of 2008 .",NEGATIVE
103,"The announcement pushed Freenet shares down 6.3 % , or EUR0 .71 , in Frankfurt trade to EUR10 .65 as investors gave up hope United Internet AG and Drillisch would pursue their own takeover and breakup of Freenet .",NEGATIVE
104,"Raute reported a loss per share of EUR0 .86 for the first half of 2009 , against EPS of EUR0 .74 in the corresponding period of 2008 .",NEGATIVE
105,Profit after taxes totaled EUR 12.1 mn .,NEUTRAL
106,The transactions would increase earnings per share in the first quarter by some EUR0 .28 .,POSITIVE
107,Cash Flow from Operations for the most recent quarter also reached a eight year low .,NEGATIVE
108,"2010 16 July 2010 - Finnish steel maker Rautaruukki Oyj HEL : RTRKS , or Ruukki , said today it turned to a net profit of EUR20m in the second quarter of 2010 from a net loss of EUR94m in the corresponding period last year .",POSITIVE
109,"The period-end cash and cash equivalents totaled EUR6 .5 m , compared to EUR10 .5 m in the previous year .",NEGATIVE
110,Finnish forest machinery manufacturer Ponsse has issued a profit warning .,NEGATIVE
111,"Turnover surged to EUR61 .8 m from EUR47 .6 m due to increasing service demand , especially in the third quarter , and the overall growth of its business .",POSITIVE
112,"Last year , UPM cut production , closed mills in Finland and slashed 700 jobs .",NEGATIVE
113,"Via the takeover , Panostaja further expands its business area specialising in digital printing , which since previously consists of the subsidiaries Kopijyva Oy and Sokonet Oy .",POSITIVE
114,"Mobile phone shipments jumped 26 percent to almost 112 million units , while Finnish company 's global market share rose to 39 percent from 36 percent .",POSITIVE
115,Finnish fibers and plastics producer Suominen Corporation OMX Helsinki : SUY1V reported on Wednesday 22 October an operating loss of EUR0 .8 m on net sales of EUR55 .2 m for the third quarter of 2008 .,NEUTRAL
116,"Finnish Scanfil , a systems supplier and contract manufacturer to the communications sector and the electronics industry , reports its net sales totalled EUR 94.7 mn in the first half of 2010 , down from EUR 99.5 mn in the first half of 2009 .",NEGATIVE
117,"Operating profit decreased to nearly EUR 1.7 mn , however .",NEGATIVE
118,"However , its market share shrank to 47.59 per cent from 48 per cent a year earlier .",NEGATIVE
119,"Commission income increased by 22 % to EUR 4.4 mn , and lending volume rose by 13.5 % .",POSITIVE
120,The deal includes an option for Cramo to buy out the minority stake in 2011 .,NEUTRAL
121,"Cash flow from operations totalled EUR 2.71 mn , compared to a negative EUR 0.83 mn in the corresponding period in 2008 .",POSITIVE
122,"Profit before taxes was EUR 5.4 mn , up from EUR 3.6 mn a year earlier .",POSITIVE
123,The operating margin came down to 2.4 % from 5.7 % .,NEGATIVE
124,"In Q1 of 2009 , Bank of +àland 's net interest income weakened by 10 % to EUR 9.1 mn .",NEGATIVE
125,"`` This is a significant milestone for Benefon , helping us to secure critical USP 's for our personal navigation product roadmap for 2007 and beyond , '' commented Simon Button , Chief Technology Officer at Benefon .",POSITIVE
126,"The total scholarship amount was 40,000 euros and the recipients were chosen on the recommendation of fine arts universities and sports associations .",NEUTRAL
127,"`` The transaction strengthens our position ... in design and branded goods , '' said Fiskars president and CEO Heikki Allonen , pointing out that the two groups have relatively few overlapping operations .",POSITIVE
128,"The unit 's clients are mainly in the field of specialist convenience goods , as well as in the textile , shoe and furniture businesses .",NEUTRAL
129,"By 14:29 CET on Monday , shares in Bavarian Nordic had climbed 1.21 % to DKK250 on the stock exchange in Copenhagen after having lost 7.41 % in the past month .",POSITIVE
130,CS Cabot 's main consumers on the Czech and Slovak market are tires producers Barum Continental and Matador Continental .,NEUTRAL
131,"Operating loss totalled EUR 4.0 mn , compared to a profit of EUR 8.6 mn in the second quarter of 2008 .",NEGATIVE
132,"The Tekla Structures product box , if needed , is now made from recycled material .",NEUTRAL
133,"Under the agreement , Larox will transfer 10 employees within engineering and documentation related to delivery projects and product maintenance in Finland to Etteplan as of January 1 , 2007 .",NEUTRAL
134,"Known as Post Bank , the concept would see Fidelity Bank rolling out 75 offices in Ghana Post premises , to provide financial services to the people .",POSITIVE
135,"The ship cranes , which will be manufactured by MacGREGOR 's partner plants in China , will be delivered between 2008-2010 for vessels ordered by Chinese COSCO , German Peter Dohle and Hong Kong based Cido Shipping .",NEUTRAL
136,Stora Enso 's third-quarter pre-tax profit doubled to EUR 197mn .,POSITIVE
137,"ADP News - Nov 13 , 2008 - Finnish printed circuit board PCB maker Aspocomp Group Oyj OMX : ACG1V said today that its net loss narrowed to EUR 2 million USD 2.5 m in the first nine months of 2008 from EUR 57",POSITIVE
138,3 January 2011 - Finnish flag carrier Finnair Oyj ( HEL : FIA1S ) said today it sealed a nine-year sale and leaseback agreement for its newest Airbus A330 aircraft for syndication into the Japanese operating lease market .,POSITIVE
139,"The group 's operating loss was EUR 0.8 mn , down from a profit of EUR 2.5 mn in 2004 .",NEGATIVE
140,"1 p.m. Central office of Nordea Bank 19 3-ya ulitsa Yamskogo Polya , Building 1 Telephone : 495 777-34-77 ext. 3932 , 3931 03.02.2011 Unimilk - EGM 03-04 .02.2011 XVI international business-summit Food Business Russia 2011 will take place .",NEUTRAL
141,We make available the following brand-new market analyses : Cement - UK Cement - Poland Cement - Belgium These analyses give a clear overview of the actual situation and future outlook of the cement industry in some European countries .,NEUTRAL
142,All depends on financing .,NEUTRAL
143,"However , the growth margin slowed down due to the financial crisis .",NEGATIVE
144,"Consolidated net sales increased 16 % to reach EUR74 .8 m , while operating profit amounted to EUR0 .9 m compared to a loss of EUR0 .7 m in the prior year period .",POSITIVE
145,"Lee & Man Paper and Metso have a long and prosperous co-operation , a good example of which are the Changshu and Hongmei kraftliner machines delivered earlier .",POSITIVE
146,The bridge is part of the highway 14 development project .,NEUTRAL
147,"The Web-Marela application handles invitations to quote , quote comparisons , agreements , purchases , invoice inspections , inventory management , and deliveries .",NEUTRAL
148,"HK Ruokatalo produces many turkey products , such as cold cuts .",NEUTRAL
149,The rebuilds are designed to improve the machines ' performance and product quality .,POSITIVE
150,"Net profit in the three months through March 31 fell to (  x20ac ) 103 million ( US$ 165 million ) from (  x20ac ) 131 million a year earlier , the Finnish company said .",NEGATIVE
151,Operating profit fell to EUR 38.1 mn from EUR 55.3 mn in 2007 .,NEGATIVE
152,"YIT 's Baltic sales in the first three quarters of 2008 totaled 106.2 million euros , representing a drop of 29 percent year on year .",NEGATIVE
153,Pohjola and cooperative banks have continued to combine their branch office network .,NEUTRAL
154,Finnair said that the cancellation of flights would cause daily losses of  x20ac 2.5 million US$ 3 million .,NEGATIVE
155,"In a recent interview with the Financial Times ( FT ) , Sampo 's board chairman Bjorn Wahlroos said If P&C was certainly for sale and the price had been set at SEK 85 billion , confirming earlier statements .",NEUTRAL
156,Operating profit rose to EUR 27.8 mn from EUR 17.5 mn in 2008 .,POSITIVE
157,"The Inventors are Ridge Justin , Bao Yiliang and Karczewicz Marta .",NEUTRAL
158,"Aspo Plc STOCK EXCHANGE RELEASE February 11 , 2011 at8 .45 a.m. ESL Shipping Ltd , part of Aspo Group , has signed a new , long-term contract with Rautaruukki Corporation for the marine transport of raw materials on the Baltic Sea .",POSITIVE
159,"The connectivity unit has more than 100 e-invoice customers , and the number of annual transactions stands at nearly one million .",NEUTRAL
160,The event can also be viewed as a live audio webcast at www.ahlstrom.com .,NEUTRAL
161,"The Tekla Structures 16 installation has been built according to Microsoft 's requirements for the Windows 7 certification , the Company added .",NEUTRAL
162,Scanfil issued a profit warning on 10 April 2006 .,NEGATIVE
163,"Operating profit excluding non-recurring items decreased to EUR 6.2 mn from EUR 16.8 mn in 2007 , representing 2.3 % of net sales .",NEGATIVE
164,"Several large stocks tacked lower , however .",NEGATIVE
165,"Operating result for the 12-month period decreased from the profit of EUR0 .4 m while turnover decreased from EUR5 .6 m , as compared to 2004 .",NEGATIVE
166,"Cash flow after investments amounted to EUR45m , down from EUR46m .",NEGATIVE
167,Nordea sees a return to positive growth for the Baltic countries in 2011 .,POSITIVE
168,"At the same time , sales development in Russia was boosted by the opening of Stockmann Nevsky Centre in St Petersburg .",POSITIVE
169,"Finnish plumbing and heating systems supplier Uponor 's net sales in continuing business operations decreased to EUR 249.1 mn in July-September 2008 , compared to EUR 262.1 mn in the third quarter of 2007 .",NEGATIVE
170,"Cerberus Capital Management LP-backed printing paper maker NewPage Corp. has posted mixed second-quarter results , casting a cloud over its planned initial public offering .",NEGATIVE
171,"Profit for the period totalled EUR 1.1 mn , down from EUR 1.6 mn in the third quarter of 2008 .",NEGATIVE
172,"STX Finland Oy signed a a preliminary agreement for the building of an environmentally friendly , new generation cruise ferry for Viking Line to manage on between Turku , Finland , and Stockholm , Sweden withViking Line ABP .",POSITIVE
173,"Investors will continue being interested in the company 's share although it is not quite cheap , Affarsvarlden said .",POSITIVE
174,Revenue grew 1 percent to euro742 .2 million US$ 964 million from euro735 million .,POSITIVE
175,"The company has a continuous need for alloys such as nickel , ferro-chrome , molybdenum and manganese in its production , said Talvivaara .",NEUTRAL
176,Total operating revenue grew by 27.6 % year-on-year to EUR61m .,POSITIVE
177,"The company said that its investments in the new market areas resulted in sales increase in Sweden , Poland , Russia and Lithuania .",POSITIVE
178,"According to HKScan Finland , the plan is to increase J+ñrvi-Suomen Portti 's net sales to EUR 80mn to EUR 100mn .",POSITIVE
179,"Profit before taxes was EUR 4.0 mn , down from EUR 4.9 mn .",NEGATIVE
180,"Finnish property investment company Citycon will expand and refurbish +àkersberga shopping center in Stockholm , in Sweden .",NEUTRAL
181,Each year the dividend is deducted from the subscription price .,NEUTRAL
182,"The offer of some 30 million shares aimed to raise more than  x20ac 500 million US$ 640 million , was expected to be completed by Oct. 9 , Outokumpu said .",NEUTRAL
183,Repeats sees 2008 operating profit down y-y ( Reporting by Helsinki Newsroom ) Keywords : TECNOMEN-RESULTS,NEGATIVE
184,"Pretax loss totaled EUR 1.2 mn , down from a profit of EUR 2.1 mn in 2004 .",NEGATIVE
185,"The interim report for the first quarter is published on May 8 , 2009 .",NEUTRAL
186,"The divested company is part of TietoEnator 's business area Government , Manufacturing & Retail .",NEUTRAL
187,The phones are targeted at first time users in growth markets .,NEUTRAL
188,No financial details were revealed .,NEUTRAL
189,"GS Engineering will install the valves at a liquefied natural gas LNG plant it has built for UAE LNG extraction and gas plants operator GASCO in Ruwais , UAE .",NEUTRAL
190,"mr Bakman sees also expansion options on the Tallinn-Helisnki link , claiming however , that operating the link with only a single ship is not enough .",NEUTRAL
191,"Finnish Suominen Corporation that makes wipes , nonwovens , and flexible packaging , has a plant near Warsaw , in Poland , that makes flexible packaging .",NEUTRAL
192,"Samsung currently occupies third place and lost ground during the quarter , dropping by 1.8 % to an 11.1 % share overall .",NEGATIVE
193,"Exel 's board of directors will propose a dividend of 0.2 euro $ 0.3 per share for 2006 at the annual general meeting on April 19 , 2007 .",NEUTRAL
194,"Under a preliminary estimation , the technology park will measure about 50,000 square meters .",NEUTRAL
195,"However , the bottom-line result improved thanks to positive financial items .",POSITIVE
196,Finnish technology company Raute Corporation ( OMX Helsinki : RUTAV ) issued on Tuesday ( 23 September ) a profit warning for the financial year 2008 .,NEGATIVE
197,Nokia Siemens Networks has struggled to make a profit in the past two years .,NEGATIVE
198,"( ADP News ) - Feb 9 , 2009 - Finnish computer services company Proha Oyj ( HEL : ART1V ) said today its net loss narrowed to EUR 113,000 ( USD 146,000 ) for 2008 from EUR 1.2 million for 2007 .",POSITIVE
199,"The product advisory does not apply to any other Nokia-branded battery , the company said .",NEUTRAL
200,Competition authorities will have to approve the deal before it can be finalized .,NEUTRAL
201,"26 January 2011 - Finnish metal products company Componenta Oyj ( HEL : CTH1V ) said yesterday its net loss narrowed to EUR500 ,000 in the last quarter of 2010 from EUR5 .3 m for the same period a year earlier .",POSITIVE
202,"Cash flow from operations totalled EUR 7.4 mn , compared to a negative EUR 68.6 mn in the second quarter of 2008 .",POSITIVE
203,Finnish forest industry group Stora Enso Oyj issued on Thursday ( 20 March ) a profit warning for the first quarter 2008 .,NEGATIVE
204,Filmiteollisuus Fine Ab will be transferred to Talentum Oyj in the form of a subsidiary .,NEUTRAL
205,Finland 's Poyry Energy has won a contract to advise builders of a new cogeneration power plant in Lithuania 's second-biggest city of Kaunas and to supervise the construction process .,POSITIVE
206,"In Q1 of 2009 , the company 's operating loss totalled EUR 0.3 mn , compared to a profit of EUR 3.6 mn in Q1 of 2008 .",NEGATIVE
207,It is a disappointment to see the plan folded .,NEGATIVE
208,The energy sector accounted for approximately 33 % and the steel industry for about 57 % of the transportation volume .,NEUTRAL
209,"Based on the first quarter result , existing order backlog and new order prospects , the company expects that full-year sales will contract by 25 % from 2008 , the gross margin will stay at a healthy level , and the operating profit margin will be lower than in 2008 due to lower sales volume .",NEGATIVE
210,"The German company has also signed a code share agreement with another Oneworld member -- American Airlines Inc , part of US-based AMR Corp ( NYSE : AMR ) .",POSITIVE
211,"Finnish consulting and engineering group Poyry Plc ( OMX Helsinki : POY ) said on Wednesday ( 1 October ) that it has been awarded a contract by Tanqia Dibba FZC as owner-engineer for the wastewater system of Dibba , Emirate of Fujairah , UAE .",POSITIVE
212,"Finnish Cargotec 's Kalmar , the business area providing container handling solutions , has been awarded an order for a further ten E-One rubber-tyred gantry RTG cranes from Saigon Newport Company SNP , in Vietnam .",POSITIVE
213,"Cargo traffic fell 1 % year-on-year to 8,561 tonnes in September 2009 .",NEGATIVE
214,"The OMX Nordic 40 OMXN40 index , comprising the 40 most traded Nordic stocks on the Nasdaq OMX exchange , closed down 0.87 % at 1,064.14 points on Thursday .",NEGATIVE
215,Passenger-related revenue rose by 5.1 % to EUR 460.8 mn from EUR 438.5 mn in 2009 .,POSITIVE
216,"Operating profit before non-recurring items was EUR 8.3 mn in the first nine months of 2008 , compared to EUR 8.4 in the corresponding period in 2007 .",NEGATIVE
217,He is a Chartered Accountant in British Columbia and Alberta as well as a Certified Public Accountant in Washington State .,NEUTRAL
218,"Finnish construction company YIT is reducing the number of start-ups of market-financed residential units in 2007 to about 2,300 from the previously announced 2,700 .",NEGATIVE
219,"Konecranes Oyj KCR1V FH fell 5.5 percent to 20.51 euros , the biggest fall since June .",NEGATIVE
220,Mr Skogster currently serves as the manager responsible for ABB Oy 's system modules for low voltage drives .,NEUTRAL
221,"In Finland , the Bank of +àland reports its operating profit fell to EUR 6.1 mn in the second quarter of 2008 from EUR 7.5 mn in the second quarter of 2007 .",NEGATIVE
222,Finnish Raute Precision that supplies weighing and dosing systems and plants is changing its name to Lahti Precision .,NEUTRAL
223,Operating profit excluding non-recurring items was EUR 7.8 million compared to EUR 11.2 million .,NEGATIVE
224,A meeting of Glisten shareholders to vote on the bid will be held on 12 March .,NEUTRAL
225,"We went to the market with yield guidance of the 7.25 % area , which gave us the flexibility to go up or down by 1-8th .",NEUTRAL
226,"Operating profit for the nine-month period decreased from EUR19 .9 m while net sales increased from EUR155 .7 m , as compared to the corresponding period in 2007 .",NEGATIVE
227,"Operating profits in the half were  0.8 m , down from  0.9 m as Glisten invested in the brand and the management team .",NEGATIVE
228,Ruukki forecast a 15-20 % annual sales growth and a positive pretax result for 2010 .,POSITIVE
229,Suomen Paikallissanomat Oy is part of Alma Media Group and it currently publishes 15 local newspapers across Finland .,NEUTRAL
230,Finnish media company Talentum Oyj 's net profit decreased to 2.5 mln euro ( $ 4.0 mln ) for the first quarter of 2008 from 3.0 mln euro ( $ 4.7 mln ) for the same period of 2007 .,NEGATIVE
231,"The upgrade is intended to raise the network capacity from 450 MHz to 630 MHz in several cities , enabling bi-directional services for digital television as well as broadband data .",POSITIVE
232,"In food trade , sales amounted to EUR320 .1 m , a decline of 1.1 % .",NEGATIVE
233,fi is developing cooperation in keyword advertising with Microsoft .,POSITIVE
234,Operating profit rose from EUR 1.94 mn to EUR 2.45 mn .,POSITIVE
235,Return on capital employed ROCE was a negative 2.3 % compared to 11.3 % in 2007 .,NEGATIVE
236,The situation of coated magazine printing paper will continue to be weak .,NEGATIVE
237,"- BEIJING XFN-ASIA - Hong Kong-listed Standard Chartered Bank said it has signed a China mobile phone dealer financing agreement with Nokia , making it the first foreign bank to offer financing to the country 's small and medium enterprise -LR",POSITIVE
238,"Motorola , the world 's second-largest maker of cell phones , unveiled the new phone Tuesday in a bid to resurrect its ailing handset business .",NEUTRAL
239,"The EB Tough VoIP Field Phone is equipped with an integrated speaker , Ethernet and SHDSL connectivity , and enables several innovative applications .",NEUTRAL
240,"Risto Raty , Tekla 's executive vice president , said that Tekla Structures and ArchiCAD will cover the entire design and documentation workflow throughout a construction project .",NEUTRAL
241,"Meanwhile , Electrowatt-Ekono Philippines , Inc. was also awarded a three-year operation and maintenance ( O&M ) contract by FR Cement Corporation .",POSITIVE
242,The new B shares carry the right to dividend and other shareholder rights with effect from today .,NEUTRAL
243,"In January-November 2009 , the group 's sales totalled EUR 7,801.7 mn , which was a drop of 12.6 % from the same period of 2008 .",NEGATIVE
244,"Operating profit margin was 8.3 % , compared to 11.8 % a year earlier .",NEGATIVE
245,SRV lowered its net sales estimate for the whole of 2008 due to uncertainties in housing sales .,NEGATIVE
246,"`` The change will optimize the operational efficiencies of our growing business , '' said Julia Prohaska , director of marketing communications for Fiskars .",POSITIVE
247,Net sales of the Lehdentekijat unit was approximately EUR 14 million in 2007 and it had 70 employees .,NEUTRAL
248,"The company 's profit totaled Ls 578,100 in H1 2007 , down 30.9 % year-on-year .",NEGATIVE
249,Operating profit in the fourth quarter went down to EUR3m from EUR4 .2 m for the corresponding period of 2009 as it included costs of growth projects .,NEGATIVE
250,"The Finnish business delegation includes representatives from over 20 companies that include Nokia Corp , Finnfund , Outokumpu Oyj , OKO Bank , Alteams Oy and Cargotec Corp. .",NEUTRAL
251,No changes in media activity were seen in October compared with September .,NEUTRAL
252,"The EU Commission said earlier it had fined ThyssenKrupp , United Technologies Corp 's Otis , Schindler AG and Kone Oyj a total of 992.3 mln eur for alleged cartel activity in the lift market going back twelve years .",NEGATIVE
253,"Compagnie de Financement Foncier - Is to issue a benchmark , 10 year covered deal in Euros .",NEUTRAL
254,"With the new arrangement , customer responsibilities will become mainly regional .",NEUTRAL
255,"The period 's sales dropped to EUR 30.6 million from EUR 38.3 million , according to the interim report , released today .",NEGATIVE
256,The company will be part of Teleste 's Video and Broadband Solutions business area .,NEUTRAL
257,"LONDON ( AFX ) - Intertek Group PLC , a testing and inspection company , said its commercial and electrical division has bought Finland-based company Natlabs Oy from Etteplan Oyj for 1.3 mln eur in cash .",NEUTRAL
258,Operating profit increased by 145.1 % to EUR 8.3 mn from EUR 3.4 mn .,POSITIVE
259,"Enclosed is Affecto 's call for Extraordinary General Meeting to be held on July 10th where the main agenda is to approve the authorization to the Board for the proposed share issue related to the Component Software acquisition , and to elect Haakon Skaarer to the Affecto board .",NEUTRAL
260,"While the company did not indicate the level of investment in the unit , it said that has purchased the equipment of Nokia Corporation 's mobile phone R&D laboratory in Jyvaeskylae .",NEUTRAL
261,"All the ferries had run into trouble just outside the Stockholm archipelago , made up of more than 20,000 islands .",NEGATIVE
262,"The company was supposed to deliver machinery to a veneer mill in the Tomsk region , in Russia .",NEUTRAL
263,"Operating loss totalled EUR 0.9 mn , down from a profit of EUR 2.7 mn .",NEGATIVE
264,"Tiimari Latvian representative Ineta Zaharova said that the company earned LVL 122,000 in 2005 profit , which is 20 times more that in 2004 .",POSITIVE
265,Diluted earnings per share ( EPS ) rose to EUR 3.68 from EUR 0.50 .,POSITIVE
266,`` Operating profit declined mainly due to the increased cost of wood and recycled fiber and the strengthened euro . '',NEGATIVE
267,Profit for the period increased from EUR 2.9 mn to EUR 10.5 mn .,POSITIVE
268,"In Lithuania , operating profit rose to EUR 190,000 from EUR 70,000 in the corresponding period in 2005 .",POSITIVE
269,"The start of the negotiations , relating to Glaston 's efficiency program , was announced in October .",NEUTRAL
270,Finnish electronics manufacturer PKC Group Oyj ( OMX Helsinki : PKC1V ) said on Wednesday ( 31 December ) that it has completed the acquisition of MAN Nutzfahrzeuge AG 's cable harness business from MAN Star Trucks & Buses Spolka zoo in Poland .,POSITIVE
271,"Theodosopoulos said Tellabs could be of value to Nokia Siemens or Nortel given its `` leading supply status '' with Verizon , along with high-growth products .",POSITIVE
272,"In January-September 2010 , Fiskars ' net profit went up by 14 % year-on-year to EUR 65.4 million and net sales to EUR 525.3 million from EUR 487.7 million .",POSITIVE
273,"As a result , the company currently anticipates net sales to increase and the operating result to be positive .",POSITIVE
274,Sales of security and system packaging increased slightly .,POSITIVE
275,"Yesterday , Legrand issued its E300 million fixed rate deal maturing 2017 .",NEUTRAL
276,"In Finland , OP-Pohjola 's staff union is boycotting the group 's insurance sales tasks because the company has refused to take the sale of insurance into account in determining wages .",NEGATIVE
277,"In October , UPM reported a third-quarter net loss of euro86 million $ 110 million compared with a net profit of euro120 million in 2007 .",NEGATIVE
278,`` We 've been feeling quite positive about the region as a whole .,POSITIVE
279,"Arvo Vuorenmaa , the Loviisa plant 's general manager said the application for the new licence was a `` standard '' procedure and that he was `` quite confident '' about approval being granted .",POSITIVE
280,Finnish meat company Atria can no longer promise a sufficient amount of domestic beef to its customers .,NEGATIVE
281,Return on investment was 16.6 % compared to 15.8 % in 2004 .,POSITIVE
282,"Vaahto Pulp & Paper , of Finnish Vaahto Group , has been awarded an order to renovate Finnish-Swedish forest industry company Stora Enso 's paperboard machine at the Ingerois Board Mill in Finland .",POSITIVE
283,Net sales surged by 30 % to EUR 36 million .,POSITIVE
284,Our standardised services have met with a positive reception among our customers as well as at Itella .,POSITIVE
285,Ramirent made 18 million kroons EUR 1.15 mln loss last year ; the year before the company was 7.3 million kroons in the black .,NEGATIVE
286,The Finnish company previously said its operating result will be lower than the break-even posted a year earlier .,NEGATIVE
287,Productional situation has now improved .,POSITIVE
288,"It generated an operating loss of EUR 96.3 mn , down from a profit of EUR 43.9 mn .",NEGATIVE
289,"In a separate announcement to the Helsinki stock exchange , Atria revealed that the company 's third quarter profits declined from EUR13 .9 m in the third quarter of last year to EUR12 .7 m in this year 's Q3 .",NEGATIVE
290,Earnings per share were higher at 0.48 against 0.37 a year before and ahead of market consensus of 0.40 eur .,POSITIVE
291,"Revenue was slightly down , at  x20ac 495 million $ 634 million , compared to  x20ac 497 million a year earlier .",NEGATIVE
292,Nokia s U.S. shares were 3.3 percent lower at $ 12.73 by 1750 GMT .,NEGATIVE
293,TELE2 Affarsvarlden gave a `` buy '' recommendation on mobile operator Tele2 AB and a share price target of 142 crowns ( $ 23.54 - 15.19 euro ) .,POSITIVE
294,"YIT lodged counter claims against Neste Oil totaling some EUR25m , primarily based on work carried out under the contract and additional costs incurred due to prolongation of the project .",NEGATIVE
295,"The group posted net sales of 35.3 mln euro $ 46.5 mln and an operating profit of 760,000 euro $ 1.0 mln in 2005 .",NEUTRAL
296,"He joins Technopolis from KONE where he has held various positions within the Group , most recently as Director of Service Business and Business Development for KONE s Middle Eastern operations .",NEUTRAL
297,"After the split , the company would have 26,885,540 Series A shares and 9,540,000 Series K shares .",NEUTRAL
298,Diluted earnings per share ( EPS ) rose to EUR 0.52 versus EUR 0.09 .,POSITIVE
299,The contract involves refurbishing the bathrooms of 189 units as well as re-plumbing their water and sewer pipes .,NEUTRAL
300,The sales of the Tiimari segment fell by 4.0 % year-on-year to EUR3 .3 m in June 2010 .,NEGATIVE
301,"Net sales of Finnish Sanoma Learning & Literature , of Finnish media group Sanoma , decreased by 3.6 % in January-June 2009 totalling EUR 162.8 mn , down from EUR 168.8 mn in the corresponding period in 2008 .",NEGATIVE
302,"SSH Communications Security Corporation is headquartered in Helsinki , Finland .",NEUTRAL
303,"Purchase it for the 12MP snapper , if nothing else .",NEUTRAL
304,Operating profit fell to EUR 23.26 mn from EUR 32.86 mn .,NEGATIVE
305,"HELSINKI ( AFX ) - Nokian Tyres reported a fourth quarter pretax profit of 61.5 mln eur , up from 48.6 mln on the back of strong sales .",POSITIVE
306,"In Q1 of 2009 , the company 's result before taxes from continuing operations , excluding non-recurring items , totalled EUR -0.4 mn , compared to EUR -0.1 mn in the corresponding period in 2008 .",NEGATIVE
307,Device volume in the area decreased by 21 % to 2.7 mn units .,NEGATIVE
308,Kemira 's partner in the project is St. Petersburg Water Works .,NEUTRAL
309,"According to latest information , Benefon will launch its Twig device on 20 September 2006 .",NEUTRAL
310,"L&T is operative in Finland , Sweden , Latvia , Russia and Norway .",NEUTRAL
311,"Budapest , August 10 MTI - Finnish electronics maker Elcoteq will lay off 700 workers at its plants in Pecs S Hungary at the end of September because of falling orders , communications director for Elcoteq 's local unit , Zoltan Krippl told MTI on Monday .",NEGATIVE
312,"Finnish drug distributor and wholesaler Oriola-KD Oyj said on October 11 , 2006 it named Anne Kariniemi vice president of its Logistics and Sourcing department as of January 15 , 2007 .",NEUTRAL
313,The plant would use palm oil certified by the Roundtable on Sustainable Palm Oil ( RSPO ) .,NEUTRAL
314,The deal was worth about EUR 1.2 mn .,NEUTRAL
315,The cooperation will double The Switch 's converter capacity .,POSITIVE
316,The dismissed staff members will now take the matter to court unless it can be settled outside .,NEGATIVE
317,"The other two sellers were the Finnish National Fund for R&D ( Sitra ) and Oras Invest Oy , which also sold half of their shareholdings , leaving them with 3.8 pct and 3.2 pct of the company respectively .",NEUTRAL
318,"The combination of all services enabling us to offer a complex and strengthened service chain not only limited to the Baltic port connections but also for getting access to the world wide Grimaldi Network into the Mediterranean , Africa and North America `` says Uwe Bakosch .",POSITIVE
319,Aktia forecasts Finland 's inflation at 1.1 % in 2010 .,NEUTRAL
320,Ruukki Group calculates that it has lost EUR 4mn in the failed project .,NEGATIVE
321,"Operating profit totalled EUR 9.6 mn , down from EUR 42.0 mn the year before .",NEGATIVE
322,The combined value of the orders is almost EUR 3mn .,NEUTRAL
323,"International sales rose by 59.8 % to EUR 1,244.4 mn .",POSITIVE
324,"The company booked April-June new orders worth 949 mln eur , compared with 786 mln eur in the same period a year ago .",POSITIVE
325,"`` We have analyzed Kaupthing Bank Sweden and found a business which fits well into Alandsbanken , '' said Alandsbanken 's chief executive Peter Wiklof in a statement .",POSITIVE
326,"Finnish technology group Aspocomp Group Oyj ( OMX Helsinki : ACG1V ) issued its third quarter report on Thursday ( 13 November ) , posting an operating profit of EUR0 .4 m , as compared to a loss of EUR0 .5 m in the third quarter of 2007 .",POSITIVE
327,Operating loss amounted to EUR 0.9 mn in the first half of 2006 compared to a profit of EUR 0.5 mn in the first half of 2005 .,NEGATIVE
328,The total capital of funds managed by the bank decreased by 28 % to EUR 284mn by the end of September 2008 .,NEGATIVE
329,Almost the entire office building will be occupied by Metso .,NEUTRAL
330,"Pretax profit rose to EUR 1,019 mn from EUR 1,007 in the corresponding period in 2005 .",POSITIVE
331,"Kalnapilio-Tauro Grupe ( Kalnapilis-Tauras Group ) , which is owned by Denmark 's Royal Unibrew , raised its market share to 25.18 percent from 23.74 percent , as beer sales for the seven months jumped by 14.5 percent to 40.5 million liters .",POSITIVE
332,"Finnish IT solutions provider Affecto Oyj HEL : AFE1V said today its slipped to a net loss of EUR 115,000 USD 152,000 in the second quarter of 2010 from a profit of EUR 845,000 in the corresponding period a year earlier .",NEGATIVE
333,"Profit for the period was EUR 10.9 mn , down from EUR 14.3 mn in 2009 .",NEGATIVE
334,The diesel margin has remained high .,POSITIVE
335,NASDAQ-listed Yahoo Inc has introduced a new service that enables Malaysians to take their favorite Internet content and services with them on their mobile phones .,POSITIVE
336,Sales by Seppala diminished by 6 per cent .,NEGATIVE
337,Operating profit rose to EUR 13.5 mn from EUR 9.7 mn in the corresponding period in 2006 .,POSITIVE
338,"As a result , it has started negotiations with the banks on provisional amendments concerning the covenants and other credit terms .",NEUTRAL
339,"Sanoma also has an Executive Committee , in accordance with the Company 's Articles of Association , that prepares proposals for matters to be decided or noted by the Board of Directors .",NEUTRAL
340,The company may at any time have in its possession one tenth of all its shares at the maximum .,NEUTRAL
341,"Luxembourg-registered investment fund Amber Trust II has won the final approval of Lithuania 's Competition Council to acquire 29.6 percent of Sanitas , the country 's largest pharmaceutical producer .",POSITIVE
342,Quality chargers under CHARGZ brand are sold in selected retail stores and other sales locations world-wide .,NEUTRAL
343,"Of these shares 14,747,084 are held by the Company and the number of outstanding shares and voting rights attached to the shares amounts thus to 161,256,847 .",NEUTRAL
344,Okmetic Board of Directors has also decided on a new share ownership program directed to the company 's top management .,NEUTRAL
345,"In Finland , the city of Forssa has said it will not pay compensation to food industry companies HK Ruokatalo and Atria for the lye leak into tap water that occurred in March 2008 .",NEGATIVE
346,"The Australian company Mirabela Nickel has awarded Outokumpu Technology a contract for grinding technology for its nickel sulfide project in Bahia State , Brazil .",POSITIVE
347,"Also in Latvia , we act as a partner for bakery customers in both production and product development .",NEUTRAL
348,"Operating loss totalled EUR 3.2 mn , compared to a profit of EUR 7.2 mn in the third quarter of 2008 .",NEGATIVE
349,FCC Chairman Kevin Martin said that fair play required extending the same deregulatory rules to the digital subscriber lines that telecom providers use for broadband networks .,NEUTRAL
350,"ADP News - Feb 13 , 2009 - Finnish retailer Kesko Oyj HEL : KESBV said today its total sales , excluding value added tax VAT , stood at EUR 661.3 million USD 853.1 m in January 2009 , down 15.2 % year-on-yea",NEGATIVE
351,"ADPnews - Sep 28 , 2009 - Finnish silicon wafers maker Okmetic Oyj HEL : OKM1V said it will reduce the number of its clerical workers by 22 worldwide as a result of personnel negotiations completed today .",NEGATIVE
352,"CDP was established on the initiative of institutional investors ; however , the annually published results also interest an increasing number of customers and other interest groups of the reporting companies .",NEUTRAL
353,"Operating profit was EUR 24.5 mn , up from EUR 23.0 mn .",POSITIVE
354,"In 2009 , Comptel slipped to a net loss of EUR2 .1 m from a profit of EUR6 .6 m in the previous year .",NEGATIVE
355,`` The trend in the sports and leisure markets was favorable in the first months of the year .,POSITIVE
356,"Sales climbed 19.2 pct to 1.002 bln eur , surpassing the 953 mln eur consensus figure .",POSITIVE
357,"Last year , 8.3 million passengers flew the airline , down 4 percent from 2007 .",NEGATIVE
358,"Ragutis , which is based in Lithuania 's second-largest city Kaunas , boosted its sales last year 22.3 per cent to 36.4 million liters .",POSITIVE
359,The intent of the article was to focus attention on the fact that the development model that China had followed was very different than the model that India had followed .,NEUTRAL
360,Exports grew 16.5 percent to 19.1 million liters .,POSITIVE
361,Diluted earnings per share ( EPS ) rose to EUR 0.29 from EUR 0.05 .,POSITIVE
362,Finland-based Stockmann Group has closed seven franchising sports stores Nike in Russia .,NEGATIVE
363,"After non-recurring items of EUR 177mn , profit amounted to EUR 20mn .",NEUTRAL
364,The net sales decreased to EUR 49.8 million from EUR 59.9 million .,NEGATIVE
365,"The total delivery volume of paper businesses in 2010 was 1,155,000 tonnes , up from 1,132,000 tonnes in 2009 .",POSITIVE
366,"In the Baltic countries , sales fell by 40.2 % , and in Russia , by 23.2 % in terms of euros , and by 10.7 % in terms of local currency .",NEGATIVE
367,"Our customers come from the following countries : UK , USA , Spain , France , Italy , Germany , China , Sweden , Norway , Netherlands , Austria , Belgium , Switzerland , Czech Republic , Serbia , Finland , Canada , Russia , Ukraine , Portugal , Denmark , Ireland , South Korea , Estonia and Liechtenstein .",NEUTRAL
368,Finnish Bank of +àland +àlandsbanken has issued a profit warning .,NEGATIVE
369,"In contrast , the company 's net loss for the third quarter of 2009 contracted to EUR 76 million from EUR 256 million for the corresponding period a year ago .",POSITIVE
370,"The company has decided to stop the operations of Ruukki Construction Division in Latvia and Lithuania , and concentrate the production and logistics in Parnu , Estonia in 2009 .",NEUTRAL
371,"The address location is provided to a local controller , preferably by wireless transmission , which then uses the address location to access the appliance control module .",NEUTRAL
372,"Finnair 's Tallinn-based subsidiary , Aero AS , carried 23,335 passengers , a decline of 60.8 % , on routes between Helsinki and the Baltic capitals and within Southern Finland .",NEGATIVE
373,"The contract includes software licences , application maintenance and training .",NEUTRAL
374,"The company said that 80 % of the shares of the holding company will be sold to Meadville Holdings Limited , a Hong Kong listed parent company of the Meadville Group .",NEUTRAL
375,"Jon Risfelt has previously held operational executive positions in Europolitan , Ericsson , SAS , American Express card and travel divisions , as well as Nyman & Schultz ( CEO ) , Vodafone Sweden ( CEO ) , and Gambro Renal Products ( CEO ) .",NEUTRAL
376,"The most significant capital expenditure items were in the global enterprise resource planning ERP project , product development and production machines .",NEUTRAL
377,"Net sales totaled EUR 93.6 mn , up from EUR 93.2 mn in the corresponding period in 2005 .",POSITIVE
378,Earnings per share EPS in 2005 decreased to EUR0 .66 from EUR1 .15 in 2004 .,NEGATIVE
379,Finnish elevators and escalators maker KONE Corporation said on Tuesday ( 18 March ) that it has received a major order from Sir Robert McAlpine to supply all elevators and escalators for the Watermark Place project in the City of London .,POSITIVE
380,Salonen added that data shows producers ' pulp inventories in North America are declining . ',NEGATIVE
381,Construction volumes meanwhile grow at a rate of 10-15 percent annually .,POSITIVE
382,Elektrobit ( EB ) has renewed its IT infrastructure contract with ICT services provider Fujitsu Services for EB 's Patja service .,POSITIVE
383,"At this growth rate , paying off the national debt will be extremely painful .",NEGATIVE
384,Technical indicators for the stock are bullish and S&P gives NOK a positive 4 STARS out of 5 buy ranking .,POSITIVE
385,"Sales came in at 241 mln eur , compared with 211.4 mln , and also beating consensus forecasts of 235 mln eur .",POSITIVE
386,"Pre-tax loss totaled EUR 0.3 mn , compared to a loss of EUR 2.2 mn in the first quarter of 2005 .",POSITIVE
387,Chief executive officer Olli-Pekka Kallasvuo 's changes on Tuesday mark the third time in nine months the company has reshuffled executives and operations as Nokia loses ground to Apple 's iPhone and RIM 's BlackBerry .,NEGATIVE
388,"Kesko Agro Lietuva , the agricultural machinery and grain trader and another member of the Kesko Group , boosted its sales by 42.9 percent to 13.4 million euros , VAT inclusive .",POSITIVE
389,Bertrand Sciard has been the vice chairman of the board of directors of Aldata Solution since April 2007 .,NEUTRAL
390,"The Innova 2 building will be located close to downtown , in the immediate vicinity of Paviljonki and the travel center , and within walking distance from the heart of the city thanks to the trade fair bridge .",NEUTRAL
391,"This truly takes efficiency to new heights , '' Mr. Metso adds .",POSITIVE
392,"JP Morgan expects that Scala will lower Nobel Biocare 's growth forecast for 2007 from the current guidance of 23-25 pct , as well as the operating margin target from the current 34-35 pct .",NEGATIVE
393,"`` We 're delighted with the move '' says Morna Cowie , co-owner , above , `` it 's double the size of our current shop and has a lovely feel to it . ''",POSITIVE
394,"Making matters more difficult , the company said it has been grappling with higher oil and gas prices , which have pushed up the cost of energy , raw materials and transportation .",NEGATIVE
395,Finnish metal products company Componenta Oyj net profit went slightly down to 25.1 mln euro ( $ 40.2 mln ) for the first half of 2008 from 25.4 mln euro ( $ 40.7 mln ) for the same period of 2007 .,NEGATIVE
396,The contract value amounts to EUR 2.4 million .,NEUTRAL
397,SHARE REPURCHASE 11.01.2008 In the Helsinki Stock Exchange On behalf of Sampo plc Danske Bank A-S Helsinki Branch,NEUTRAL
398,The company said it observed a current stabilisation in prices and there is potential for higher prices for deliveries in the first quarter of 2011 .,POSITIVE
399,That would be an increase from estimated sales of 117 million last year .,POSITIVE
400,It inspects the companys strategic strengths and weaknesses .,NEUTRAL
401,Pretax loss totaled EUR 117mn compared to a loss of EUR 65mn in the corresponding period .,NEGATIVE
402,Expense ratio was 102.6 % compared to 92.9 % in the corresponding period in 2005 .,NEGATIVE
403,"The most interesting export markets will be Russia , the Baltic countries and Scandinavia .",NEUTRAL
404,The company is also featured in the Ethibel Pioneer Investment Register and included in Innovest 's Global 100 list of the world 's most sustainable corporations .,POSITIVE
405,"The shares subscribed for under the stock options were registered in the Trade Register on 20 January 2011 , as of which date the new shares will establish shareholder rights .",NEUTRAL
406,CORPORATE IT UPDATE - ( C ) 1995-2009 M2 COMMUNICATIONS LTD Finnish technology group Teleste Corporation ( OMX Helsinki : TLT1V ) reported on Wednesday ( 4 February ) an operating profit of EUR5 .6 m on net sales of EUR108 .7 m for the year 2008 .,NEUTRAL
407,"Continuing operations turned an operating loss of EUR 0.1 mn , a slight improvement from a loss of EUR 0.2 mn a year earlier .",POSITIVE
408,Benefon will turn the Salo unit into a B2B business unit and establish a B2C business unit in the UK .,NEUTRAL
409,"Finnish Food Workers ' Union SEL plans to hasten its collective bargaining with a two-day strike that would begin on 7 April 2010 , in Finland .",NEGATIVE
410,"The Group 's consolidated net sales for 2008 totaled 3.4 billion euros and it employs approximately 13,000 persons .",NEUTRAL
411,Increased trust of our clients in YIT can be seen as apartment sales accelerated .,POSITIVE
412,"The Annual General Meeting approved that the yearly remuneration for the members of the Board of Directors shall remain at EUR 40.000 for the Chairman of the Board , EUR 30.000 for the Deputy Chairman of the Board and EUR 20.000 for other members of the Board .",NEUTRAL
413,8 May 2009 - Finnish liquid handling products and diagnostic test systems maker Biohit Oyj ( HEL : BIOBV ) said today ( 8 May 2009 ) its net loss narrowed to EUR0 .1 m ( USD0 .14 m ) for the first quarter of 2009 from EUR0 .4 m for the same period of 2008 .,POSITIVE
414,"On top of that , the US Commerce Department published worse-than-expected construction spending figures for November .",NEGATIVE
415,Operating profit excluding non-recurring items totaled EUR 5.4 mn compared to EUR 5.5 mn in the corresponding period in 2007 .,NEGATIVE
416,"Financial Statements include the consolidated financial statements of the Group , the Board of Directors ' Report , the Auditors ' Report and the Corporate Governance Statement .",NEUTRAL
417,L&T also acquired a 50 pct stake in local sector company Salvor Oy at the beginning of September 2007 .,NEUTRAL
418,The hack had been extra nefarious because the tweets activated without being clicked on - it was enough for Web surfers to move their mouse cursors over them .,NEGATIVE
419,The firm builds components for mobile phones and other communications products .,NEUTRAL
420,"Alma Media Corporation PRESS RELEASE March 25 , 2010 TYRV+ä+äN SANOMAT PURCHASE CONFIRMED The business operations of Tyrv+ñ+ñn Sanomat Oy will be transferred to Suomen Paikallissanomat Oy .",NEUTRAL
421,Swedbank 's shares have been hardest hit of the Swedish banks by the ongoing international financial crisis .,NEGATIVE
422,21 October 2010 - Finnish fishing tackle company Rapala VMC Corp ( HEL : RAP1V ) said today its net profit rose to EUR18 .9 m for the first nine months of 2010 from EUR15 .1 m for the same period a year earlier .,POSITIVE
423,"LONDON AFX - Shares in Rautaruukki Corp have been upgraded to ` hold ' from ` sell ' by ABN Amro , with the price target raised to 25.75 eur from 14.5 , said dealers .",POSITIVE
424,"Demonstrations of the broad capabilities of the Mobility Business Suite will be organized during the 3GSM World Congress in Barcelona , from February 12th to 15th .",NEUTRAL
425,"As part of the transaction , M-real and Sappi have also signed a long-term agreement on the supply of pulp and BCTMP and other smaller services and supplies .",POSITIVE
426,Net sales have been eaten by the weak US dollar .,NEGATIVE
427,Most of the increase in net sales was due to the acquisition of Swedish Silva that produces garden tools and boats .,POSITIVE
428,"Stockholm-based Nordea Bank ( STO : NDA ) said yesterday it had hired Casper von Koskull to lead its corporate merchant banking and capital markets unit , effective 1 September .",NEUTRAL
429,"The business units of the InvestLesProm Group cover the full forest industry chain , and the Group owns forests , sawmills , paper and pulp mills , and other processing plants .",NEUTRAL
430,This acquisition supports our strategy of being close to our customers all around the world offering both equipment and related services .,POSITIVE
431,Scanfil has also issued a profit warning .,NEGATIVE
432,"Via the Satlan acquisition , Teleste plans to further expand its market presence as a video services partner for cable operators , broadcasters and IPTV service providers .",POSITIVE
433,"In the third quarter of fiscal 2008 Efore swung to a net loss of EUR 400,000 versus a net profit of EUR 200,000 for the corresponding period of fiscal 2007 .",NEGATIVE
434,Glaston 's net profit for the third quarter of 2007 dropped to 2.4 mln euro ( $ 3.5 mln ) from 3.5 mln euro ( $ 5.1 mln ) for the corresponding period of 2006 .,NEGATIVE
435,"For the fiscal year ending September 30 , 2009 the revenue from these customers was $ 10.012 million or around 11.0 % of the transportation group 's revenue .",NEUTRAL
436,"A. Le Coq Special was developed for the bicentenary of the company and the trade mark , the brewer said .",NEUTRAL
437,"Pretax profit totalled EUR 80.8 mn , compared to a loss of EUR 13.1 mn in the corresponding period in 2009 .",POSITIVE
438,"Earnings per share ( EPS ) amounted to EUR1 .37 , down from EUR2 .30 .",NEGATIVE
439,"The EBRD is using its own funds to provide a 21.6 million A loan while the B portion of 10 million Euros has been syndicated to two Finnish commercial banks , Nordea Bank Finland Plc and Pohjola Bank Plc. .",NEUTRAL
440,Kirsi Rantanen was previously development director for HK Ruokatalo 's poultry business .,NEUTRAL
441,"The facility will be used to refinance Citycon 's existing credit facility , the company said .",NEUTRAL
442,"Glaston , headquartered in Tampere , Finland , is a growing and international glass technology company .",NEUTRAL
443,"Please inform IR Johanna Koskinen of your participation no later than 20 April at 10 a.m. A telephone conference for financial analysts and investors , conducted in English , will begin at 3:00 p.m. Finnish time ( EET ) .",NEUTRAL
444,The credit covers approximately 70 % of the ship 's price .,NEUTRAL
445,"The steelmaker said that the drop in profit was explained by the continuing economic uncertainty , mixed with the current drought in bank lending , resulting in a decline in demand for its products as customers find it increasingly difficult to fund operations .",NEGATIVE
446,"When this information was released on 5 September 2008 , Nokia 's American Depositary shares fell by 8 % .",NEGATIVE
447,"In the Baltic countries , sales fell by 42.6 % .",NEGATIVE
448,The acquisition will have an immediate positive impact on Aspocomp 's financial result .,POSITIVE
449,"Master of Mayawas jointly developed by Nokia Siemens Networks and UFA - FremantleMedia , and will be actively advertised by Maxis in the end of May 2007 .",NEUTRAL
450,One of the headboxes will be equipped with a modern consistency control system to ensure cross machine profile of the plasterboard .,NEUTRAL
451,"Digia will also set up two subsidiaries , Digia Norway AS and Digia USA Inc. .",NEUTRAL
452,"Growth was strongest in F-Secure 's operator ISPs , mobile operators and cable operators business .",POSITIVE
453,"Operating profit totalled EUR 83.0 mn , up from EUR 23.5 mn year-on-year .",POSITIVE
454,The representative body of Swedish Meats approved an improved offer from Finnish HK Ruokatalo to acquire the company .,POSITIVE
455,"Both operating profit and net sales for the 12-month period increased , respectively from EUR20 .8 m and EUR177 .7 m , as compared to the financial year 2004 .",POSITIVE
456,Pretax profit jumped to EUR 21.9 million from EUR 3.1 million .,POSITIVE
457,The robust growth was the result of the inclusion of clothing chain Lindex in the Group in December 2007 .,POSITIVE
458,Operating profit in the fourth quarter fell to EUR33m from EUR39m a year earlier .,NEGATIVE
459,( A spokesperson told WWD to expect a 50-50 mix of clothing and home decor . ),NEUTRAL
460,Orion Pharma 's operating profit increased by 42.5 % from 2004 .,POSITIVE
461,"Meanwhile , Nokia said that it will be able to deliver a complete range of services from deployment operations to consulting and integration to managed services as a result of the buyout .",POSITIVE
462,"On the following workday customers can check from their home computers how their purchases are divided between different ingredient groups , how much energy various products contain and what is the nutritional content of all purchases .",NEUTRAL
463,"Products include Consumer Electronics devices such as mobile phones and their accessories , set-top boxes , flat panel TVs as well as System Solutions products such as infrastructure systems , modules and other industrial segment products .",NEUTRAL
464,11 August 2010 - Finnish measuring equipment maker Vaisala Oyj HEL : VAIAS said today that its net loss widened to EUR4 .8 m in the first half of 2010 from EUR2 .3 m in the corresponding period a year earlier .,NEGATIVE
465,Uponor maintains its full-year guidance for 2010 .,NEUTRAL
466,The number of bodily injury cases quadrupled in 2000-2006 .,NEGATIVE
467,"Ramirent 's net sales in the second quarterended June 30 were EURO 128.7 million about U.S. $ 163 million , a 3.3-percent increase compared with EURO 124.6 million for thesecond quarter last year .",POSITIVE
468,"The airline has ordered nine Airbus A350-900 aircraft with deliveries from 2011 , and in doing so becomes the lead airline for the latest variant of Rolls-Royce Trent series engines , called the 1700 .",POSITIVE
469,The company said that its comparable operating profit for the January-June period fell short of last year 's corresponding performance .,NEGATIVE
470,"Earnings per share for the quarter were also higher year-on-year at 0.33 eur versus 0.27 , and above market expectations of 0.28 eur .",POSITIVE
471,"Sales VAT inclusive expanded by 19 percent , to 351 million euros .",POSITIVE
472,Raute Corporation has received orders worth over EUR 12 million from OOO Ilim Bratsk DOK in Russia .,POSITIVE
473,"Finnish plumbing and heating systems supplier Uponor 's net sales from continuing operations decreased by 9.4 % in 2008 to EUR 949.2 mn from EUR 1,047.4 mn in 2007 .",NEGATIVE
474,Finnish Rautaruukki has been awarded a contract to supply and install steel superstructures for the Partihallsf+Ârbindelsen bridge in Gothenburg in Sweden .,POSITIVE
475,"The report examines the medical equipment business structure and operations , history and products , and provides an analysis of its key medical equipment revenue lines .",NEUTRAL
476,The Group 's cash flow from operations will be positive .,POSITIVE
477,"`` These tests are part of a larger campaign which includes various customer trials and demonstrations to make LTE on 800 MHz commercially viable by this summer , '' Nokia Siemens head of LTE business line , Reino Tammela , said .",NEUTRAL
478,"By the end of 2006 , the number of joint branch offices will total 170 .",NEUTRAL
479,"Pretax profit totaled EUR 9.0 mn , down from EUR 36.3 mn in 2007 .",NEGATIVE
480,EBIT margin was up from 1.4 % to 5.1 % .,POSITIVE
481,"Handelsbanken ranked before Local Cooperative Banks and Aktia in customer loyalty this time too , however .",POSITIVE
482,"The operating loss amounted to EUR 0.8 mn , compared to a profit of EUR 3.9 mn a year earlier .",NEGATIVE
483,Sales at the unit slumped last year after the industry was hit by poor snowfall in the major resorts in the winter of 2006-07 .,NEGATIVE
484,Acquisitions have been made and businesses have been well integrated .,POSITIVE
485,"Operating profit was EUR 139.7 mn , up 23 % from EUR 113.8 mn .",POSITIVE
486,21 December 2010 - Finnish industrial machinery company Wartsila Oyj Abp HEL : WRT1V said yesterday it had won an order to design a liquefied natural gas LNG powered platform supply vessel PSV for Norwegian oil service provider Eidesvik Offshore ASA OSL : EIOF .,POSITIVE
487,"Cencorp estimates that its net sales in the last quarter will be as earlier stated , EUR4 .3 m to EUR5 .0 m , and operating profit (EBIT)is estimated to be positive .",POSITIVE
488,"The port operator , however , favors retaining the port fees in 2010 , citing the owner , the governemtn of Estonia , commiting the port to pay EEK 400mn ( EUR 25.56 mn USD 36.44 mn ) in dividends to the state in 2009 and another EEK 300mn in 2010 .",NEUTRAL
489,"Ahlstrom Corporation STOCK EXCHANGE ANNOUNCEMENT 7.2.2007 at 10.30 A total of 56,955 new shares of Ahlstrom Corporation have been subscribed with option rights under the company 's stock option programs I 2001 and II 2001 .",NEUTRAL
490,"Advertising and circulation revenues grew by 3.4 % and by 0.4 % , respectively .",POSITIVE
491,"Operating profit for the 12-month period decreased from EUR17 .9 m while net sales increased from EUR58 .3 m , as compared to 2007 .",NEGATIVE
492,Net sales fell by 33 % from the third quarter of 2008 to EUR 130.5 mn .,NEGATIVE
493,Currently Alfred A Palmberg is putting the finishing touches to one of Finland 's biggest ever re-plumbing and bathroom refurbishment projects also in the district of Vuosaari .,NEUTRAL
494,`` I 'm not sure what 's happening .,NEUTRAL
495,"Previously , the company had guided for EBIT and sales growth of 20 pct and 10 pct respectively for this year .",POSITIVE
496,"Earlier today , Geberit 's Finnish rival Uponor OYJ cut its full-year sales growth forecast to 6 pct from 10 pct , blaming tough conditions in Germany and the US , as well as currency factors .",NEGATIVE
497,There have not been previous share subscriptions with 2004 stock options .,NEUTRAL
498,Operating profit fell to EUR 15.1 mn from EUR 24.6 mn in 2006 .,NEGATIVE
499,"Also , Westpac is to issue a benchmark , 18 month FRN deal in Euros .",NEUTRAL
